{"min": [8.169961929321289, 9.260886192321777], "max": [14.60759162902832, 16.803590774536133]}